{"a": 0.19309754003703233, "b": 1.1930975400300883}